{
  "E0": {
    "model_path": "models/E0_baseline.joblib",
    "accuracy": 0.4266666666666667,
    "classification_report": {
      "1": {
        "precision": 0.5058823529411764,
        "recall": 0.7166666666666667,
        "f1-score": 0.593103448275862,
        "support": 60.0
      },
      "2": {
        "precision": 0.25,
        "recall": 0.10714285714285714,
        "f1-score": 0.15,
        "support": 56.0
      },
      "3": {
        "precision": 0.40425531914893614,
        "recall": 0.3275862068965517,
        "f1-score": 0.3619047619047619,
        "support": 58.0
      },
      "4": {
        "precision": 0.39436619718309857,
        "recall": 0.4375,
        "f1-score": 0.4148148148148148,
        "support": 64.0
      },
      "5": {
        "precision": 0.4383561643835616,
        "recall": 0.5161290322580645,
        "f1-score": 0.4740740740740741,
        "support": 62.0
      },
      "accuracy": 0.4266666666666667,
      "macro avg": {
        "precision": 0.39857200673135457,
        "recall": 0.421004952592828,
        "f1-score": 0.3987794198139026,
        "support": 300.0
      },
      "weighted avg": {
        "precision": 0.40072422832869337,
        "recall": 0.4266666666666667,
        "f1-score": 0.4030580794258955,
        "support": 300.0
      }
    },
    "confusion_matrix": [
      [
        43,
        7,
        5,
        4,
        1
      ],
      [
        25,
        6,
        7,
        10,
        8
      ],
      [
        10,
        8,
        19,
        13,
        8
      ],
      [
        2,
        1,
        9,
        28,
        24
      ],
      [
        5,
        2,
        7,
        16,
        32
      ]
    ]
  },
  "E1": {
    "model_path": "models/E1_tfidf20000.joblib",
    "accuracy": 0.43333333333333335,
    "classification_report": {
      "1": {
        "precision": 0.5116279069767442,
        "recall": 0.7333333333333333,
        "f1-score": 0.6027397260273972,
        "support": 60.0
      },
      "2": {
        "precision": 0.2916666666666667,
        "recall": 0.125,
        "f1-score": 0.175,
        "support": 56.0
      },
      "3": {
        "precision": 0.4,
        "recall": 0.3103448275862069,
        "f1-score": 0.34951456310679613,
        "support": 58.0
      },
      "4": {
        "precision": 0.3972602739726027,
        "recall": 0.453125,
        "f1-score": 0.4233576642335766,
        "support": 64.0
      },
      "5": {
        "precision": 0.4444444444444444,
        "recall": 0.5161290322580645,
        "f1-score": 0.47761194029850745,
        "support": 62.0
      },
      "accuracy": 0.43333333333333335,
      "macro avg": {
        "precision": 0.40899985841209163,
        "recall": 0.4275864386355209,
        "f1-score": 0.4056447787332555,
        "support": 300.0
      },
      "weighted avg": {
        "precision": 0.41070406947246707,
        "recall": 0.43333333333333335,
        "f1-score": 0.40981019677098124,
        "support": 300.0
      }
    },
    "confusion_matrix": [
      [
        44,
        6,
        5,
        3,
        2
      ],
      [
        23,
        7,
        8,
        10,
        8
      ],
      [
        11,
        7,
        18,
        14,
        8
      ],
      [
        3,
        1,
        9,
        29,
        22
      ],
      [
        5,
        3,
        5,
        17,
        32
      ]
    ]
  },
  "E2": {
    "model_path": "models/E2_tfidf20000_uni.joblib",
    "accuracy": 0.44333333333333336,
    "classification_report": {
      "1": {
        "precision": 0.5641025641025641,
        "recall": 0.7333333333333333,
        "f1-score": 0.6376811594202898,
        "support": 60.0
      },
      "2": {
        "precision": 0.3333333333333333,
        "recall": 0.16071428571428573,
        "f1-score": 0.21686746987951808,
        "support": 56.0
      },
      "3": {
        "precision": 0.34615384615384615,
        "recall": 0.3103448275862069,
        "f1-score": 0.32727272727272727,
        "support": 58.0
      },
      "4": {
        "precision": 0.3835616438356164,
        "recall": 0.4375,
        "f1-score": 0.40875912408759124,
        "support": 64.0
      },
      "5": {
        "precision": 0.4857142857142857,
        "recall": 0.5483870967741935,
        "f1-score": 0.5151515151515151,
        "support": 62.0
      },
      "accuracy": 0.44333333333333336,
      "macro avg": {
        "precision": 0.4225731346279291,
        "recall": 0.4380559086816039,
        "f1-score": 0.4211463991623283,
        "support": 300.0
      },
      "weighted avg": {
        "precision": 0.4241732483650292,
        "recall": 0.44333333333333336,
        "f1-score": 0.4249574798042945,
        "support": 300.0
      }
    },
    "confusion_matrix": [
      [
        44,
        5,
        7,
        2,
        2
      ],
      [
        20,
        9,
        10,
        10,
        7
      ],
      [
        8,
        9,
        18,
        15,
        8
      ],
      [
        2,
        2,
        13,
        28,
        19
      ],
      [
        4,
        2,
        4,
        18,
        34
      ]
    ]
  },
  "E3": {
    "model_path": "models/E3_tfidf_sentiment.joblib",
    "accuracy": 0.45666666666666667,
    "classification_report": {
      "1": {
        "precision": 0.5263157894736842,
        "recall": 0.6666666666666666,
        "f1-score": 0.5882352941176471,
        "support": 60.0
      },
      "2": {
        "precision": 0.4,
        "recall": 0.10714285714285714,
        "f1-score": 0.16901408450704225,
        "support": 56.0
      },
      "3": {
        "precision": 0.4523809523809524,
        "recall": 0.3275862068965517,
        "f1-score": 0.38,
        "support": 58.0
      },
      "4": {
        "precision": 0.4189189189189189,
        "recall": 0.484375,
        "f1-score": 0.4492753623188406,
        "support": 64.0
      },
      "5": {
        "precision": 0.44086021505376344,
        "recall": 0.6612903225806451,
        "f1-score": 0.5290322580645161,
        "support": 62.0
      },
      "accuracy": 0.45666666666666667,
      "macro avg": {
        "precision": 0.44769517516546375,
        "recall": 0.44941221065734405,
        "f1-score": 0.42311139980160917,
        "support": 300.0
      },
      "weighted avg": {
        "precision": 0.44787062250220144,
        "recall": 0.45666666666666667,
        "f1-score": 0.42784176522619666,
        "support": 300.0
      }
    },
    "confusion_matrix": [
      [
        40,
        5,
        6,
        4,
        5
      ],
      [
        18,
        6,
        8,
        9,
        15
      ],
      [
        10,
        3,
        19,
        16,
        10
      ],
      [
        3,
        1,
        7,
        31,
        22
      ],
      [
        5,
        0,
        2,
        14,
        41
      ]
    ]
  },
  "E4": {
    "model_path": "models/E4_word_char_tfidf.joblib",
    "accuracy": 0.43333333333333335,
    "classification_report": {
      "1": {
        "precision": 0.5333333333333333,
        "recall": 0.6666666666666666,
        "f1-score": 0.5925925925925926,
        "support": 60.0
      },
      "2": {
        "precision": 0.3333333333333333,
        "recall": 0.19642857142857142,
        "f1-score": 0.24719101123595505,
        "support": 56.0
      },
      "3": {
        "precision": 0.36363636363636365,
        "recall": 0.3448275862068966,
        "f1-score": 0.35398230088495575,
        "support": 58.0
      },
      "4": {
        "precision": 0.352112676056338,
        "recall": 0.390625,