{
  "accuracy": 0.527,
  "macro_avg": {
    "precision": 0.5174752516784489,
    "recall": 0.5175069016137909,
    "f1-score": 0.48143206860926896,
    "support": 1000.0
  },
  "weighted_avg": {
    "precision": 0.5212284201462216,
    "recall": 0.527,
    "f1-score": 0.488907147687326,
    "support": 1000.0
  },
  "classification_report": {
    "1": {
      "precision": 0.4728682170542636,
      "recall": 0.9104477611940298,
      "f1-score": 0.6224489795918368,
      "support": 201.0
    },
    "2": {
      "precision": 0.35,
      "recall": 0.1891891891891892,
      "f1-score": 0.24561403508771928,
      "support": 185.0
    },
    "3": {
      "precision": 0.5507246376811594,
      "recall": 0.19689119170984457,
      "f1-score": 0.2900763358778626,
      "support": 193.0
    },
    "4": {
      "precision": 0.5555555555555556,
      "recall": 0.5373831775700935,
      "f1-score": 0.5463182897862233,
      "support": 214.0
    },
    "5": {
      "precision": 0.6582278481012658,
      "recall": 0.7536231884057971,
      "f1-score": 0.7027027027027027,
      "support": 207.0
    },
    "accuracy": 0.527,
    "macro avg": {
      "precision": 0.5174752516784489,
      "recall": 0.5175069016137909,
      "f1-score": 0.48143206860926896,
      "support": 1000.0
    },
    "weighted avg": {
      "precision": 0.5212284201462216,
      "recall": 0.527,
      "f1-score": 0.488907147687326,
      "support": 1000.0
    }
  },
  "confusion_matrix": [
    [
      183,
      8,
      3,
      5,
      2
    ],
    [
      131,
      35,
      9,
      5,
      5
    ],
    [
      61,
      38,
      38,
      45,
      11
    ],
    [
      10,
      12,
      14,
      115,
      63
    ],
    [
      2,
      7,
      5,
      37,
      156
    ]
  ]
}