experiment,accuracy,macro_f1
E4_word_char_tfidf,0.43333333333333335,0.4190772550167747
